Timestamp,Step,EssayIndex,ChosenRecipe,HumanScore,PredictedScore,Reward,Epsilon,ErrorMessage,PromptTokens,CompletionTokens,TotalTokens,Latency,EstimatedCost
2025-05-20T01:33:55.855990,5,406,SingleStep+Ex,8.5,6.5,-2.0193,0.2000,,1926,4,1930,0.4431,0.00029130
2025-05-20T01:33:55.881653,35,229,SingleStep-NoEx,7.0,6.0,-1.0052,0.2000,,520,4,524,0.4684,0.00008040
2025-05-20T01:33:55.886037,18,159,SingleStep+Ex,7.0,6.5,-0.5194,0.2000,,1937,3,1940,0.4731,0.00029235
2025-05-20T01:33:55.930035,27,185,SingleStep+Ex,5.5,6.5,-1.0196,0.2000,,1957,4,1961,0.5169,0.00029595
2025-05-20T01:33:55.933468,43,317,SingleStep-NoEx,4.0,4.0,-0.0055,0.2000,,549,4,553,0.5201,0.00008475
2025-05-20T01:33:55.949387,71,761,SingleStep+Ex,6.0,6.0,-0.0193,0.2000,,1925,4,1929,0.5356,0.00029115
2025-05-20T01:33:56.026950,60,696,SingleStep+Ex,8.0,6.5,-1.5186,0.2000,,1859,4,1863,0.6134,0.00028125
2025-05-20T01:33:56.027217,20,686,SingleStep+Ex,8.0,7.5,-0.5199,0.2000,,1988,4,1992,0.6142,0.00030060
2025-05-20T01:33:56.031347,10,752,SingleStep+Ex,7.0,6.0,-1.0186,0.2000,,1851,4,1855,0.6185,0.00028005
2025-05-20T01:33:56.035595,75,655,SingleStep-NoEx,9.0,6.5,-2.5053,0.2000,,530,4,534,0.6218,0.00008190
2025-05-20T01:33:56.039396,51,513,SingleStep+Ex,6.5,6.0,-0.5187,0.2000,,1868,4,1872,0.6260,0.00028260
2025-05-20T01:33:56.041181,22,42,SingleStep+Ex,7.0,5.5,-1.5184,0.2000,,1840,4,1844,0.6281,0.00027840
2025-05-20T01:33:56.042437,98,632,SingleStep+Ex,6.5,6.5,-0.0186,0.2000,,1861,4,1865,0.6284,0.00028155
2025-05-20T01:33:56.042859,13,471,SingleStep+Ex,6.0,6.5,-0.5212,0.2000,,2111,4,2115,0.6300,0.00031905
2025-05-20T01:33:56.043507,40,296,SingleStep+Ex,6.5,6.0,-0.5198,0.2000,,1972,4,1976,0.6302,0.00029820
2025-05-20T01:33:56.053431,65,773,SingleStep-NoEx,6.0,5.0,-1.0044,0.2000,,439,4,443,0.6398,0.00006825
2025-05-20T01:33:56.056203,8,648,SingleStep+Ex,9.0,7.0,-2.0197,0.2000,,1969,4,1973,0.6434,0.00029775
2025-05-20T01:33:56.065778,66,444,SingleStep+Ex,8.5,6.5,-2.0190,0.2000,,1893,4,1897,0.6521,0.00028635
2025-05-20T01:33:56.076652,38,462,SingleStep+Ex,5.5,6.0,-0.5189,0.2000,,1882,4,1886,0.6634,0.00028470
2025-05-20T01:33:56.099478,93,410,SingleStep+Ex,6.5,6.0,-0.5196,0.2000,,1953,4,1957,0.6855,0.00029535
2025-05-20T01:33:56.111212,49,188,SingleStep-NoEx,6.0,5.5,-0.5050,0.2000,,500,4,504,0.6978,0.00007740
2025-05-20T01:33:56.111678,83,14,SingleStep+Ex,7.0,6.0,-1.0189,0.2000,,1884,4,1888,0.6978,0.00028500
2025-05-20T01:33:56.114721,45,46,SingleStep+Ex,5.0,5.5,-0.5184,0.2000,,1839,4,1843,0.7014,0.00027825
2025-05-20T01:33:56.122234,12,367,SingleStep+Ex,7.5,6.5,-1.0201,0.2000,,2003,4,2007,0.7094,0.00030285
2025-05-20T01:33:56.136417,4,609,SingleStep+Ex,8.0,7.5,-0.5201,0.2000,,2006,4,2010,0.7237,0.00030330
2025-05-20T01:33:56.149129,85,576,SingleStep+Ex,6.5,6.0,-0.5187,0.2000,,1865,4,1869,0.7352,0.00028215
2025-05-20T01:33:56.238494,3,609,SingleStep+Ex,8.0,7.0,-1.0201,0.2000,,2004,4,2008,0.8258,0.00030300
2025-05-20T01:33:56.242395,55,373,SingleStep-NoEx,7.5,6.0,-1.5055,0.2000,,546,4,550,0.8289,0.00008430
2025-05-20T01:33:56.243327,29,708,SingleStep-NoEx,8.0,7.0,-1.0067,0.2000,,668,4,672,0.8302,0.00010260
2025-05-20T01:33:56.243473,6,38,SingleStep+Ex,5.0,5.5,-0.5187,0.2000,,1869,4,1873,0.8307,0.00028275
2025-05-20T01:33:56.243629,64,247,SingleStep-NoEx,7.0,5.0,-2.0053,0.2000,,527,4,531,0.8300,0.00008145
2025-05-20T01:33:56.244215,14,61,SingleStep+Ex,4.5,5.0,-0.5190,0.2000,,1891,4,1895,0.8313,0.00028605
2025-05-20T01:33:56.244573,21,629,SingleStep-NoEx,8.5,6.5,-2.0062,0.2000,,616,4,620,0.8316,0.00009480
2025-05-20T01:33:56.244932,52,561,SingleStep+Ex,7.0,6.0,-1.0195,0.2000,,1949,4,1953,0.8315,0.00029475
2025-05-20T01:33:56.246105,19,552,SingleStep-NoEx,5.5,6.0,-0.5057,0.2000,,561,4,565,0.8331,0.00008655
2025-05-20T01:33:56.246231,25,243,SingleStep-NoEx,4.0,5.5,-1.5053,0.2000,,530,4,534,0.8332,0.00008190
2025-05-20T01:33:56.256128,89,194,SingleStep+Ex,6.5,6.0,-0.5183,0.2000,,1823,4,1827,0.8422,0.00027585
2025-05-20T01:33:56.321670,100,122,SingleStep-NoEx,7.5,6.0,-1.5054,0.2000,,535,4,539,0.9076,0.00008265
2025-05-20T01:33:56.382700,96,672,SingleStep+Ex,8.0,6.5,-1.5196,0.2000,,1952,4,1956,0.9686,0.00029520
2025-05-20T01:33:56.384822,97,242,SingleStep-NoEx,7.5,6.5,-1.0067,0.2000,,663,4,667,0.9707,0.00010185
2025-05-20T01:33:56.391179,62,15,SingleStep+Ex,8.0,6.0,-2.0186,0.2000,,1854,4,1858,0.9776,0.00028050
2025-05-20T01:33:56.424381,54,173,SingleStep-NoEx,6.0,5.5,-0.5056,0.2000,,556,4,560,1.0109,0.00008580
2025-05-20T01:33:56.452384,50,489,SingleStep-NoEx,5.5,5.5,-0.0067,0.2000,,662,4,666,1.0389,0.00010170
2025-05-20T01:33:56.504940,26,487,SingleStep+Ex,6.5,6.5,-0.0194,0.2000,,1932,4,1936,1.0919,0.00029220
2025-05-20T01:33:56.559352,16,121,SingleStep-NoEx,7.0,6.0,-1.0057,0.2000,,562,4,566,1.1464,0.00008670
2025-05-20T01:33:56.559726,70,437,SingleStep+Ex,6.5,6.0,-0.5199,0.2000,,1990,4,1994,1.1460,0.00030090
2025-05-20T01:33:56.610678,95,269,SingleStep-NoEx,6.0,6.0,-0.0056,0.2000,,555,4,559,1.1966,0.00008565
2025-05-20T01:33:56.610942,56,552,SingleStep-NoEx,5.5,6.0,-0.5057,0.2000,,561,4,565,1.1974,0.00008655
2025-05-20T01:33:56.613322,79,427,SingleStep-NoEx,6.0,6.0,-0.0054,0.2000,,538,4,542,1.1995,0.00008310
2025-05-20T01:33:56.613495,86,665,SingleStep-NoEx,9.0,6.5,-2.5054,0.2000,,537,4,541,1.1996,0.00008295
2025-05-20T01:33:56.637754,108,674,SingleStep+Ex,8.0,7.0,-1.0185,0.2000,,1849,4,1853,0.6055,0.00027975
2025-05-20T01:33:56.780669,36,525,SingleStep+Ex,7.0,6.5,-0.5198,0.2000,,1978,4,1982,1.3674,0.00029910
2025-05-20T01:33:56.811699,145,592,SingleStep-NoEx,5.5,6.0,-0.5052,0.2000,,520,4,524,0.2519,0.00008040
2025-05-20T01:33:56.849948,144,141,SingleStep+Ex,6.0,6.0,-0.0186,0.2000,,1854,4,1858,0.3445,0.00028050
2025-05-20T01:33:56.865591,39,768,SingleStep-NoEx,6.0,6.0,-0.0047,0.2000,,465,4,469,1.4523,0.00007215
2025-05-20T01:33:56.972440,91,39,SingleStep+Ex,7.5,6.5,-1.0188,0.2000,,1871,4,1875,1.5584,0.00028305
2025-05-20T01:33:56.975523,23,32,MultiStep+Ex,3.5,4.0,-0.5649,0.2000,,6472,16,6488,1.5622,0.00098040
2025-05-20T01:33:57.009211,152,99,SingleStep-NoEx,6.5,6.0,-0.5054,0.2000,,535,4,539,0.2283,0.00008265
2025-05-20T01:33:57.033513,147,21,SingleStep+Ex,5.5,6.0,-0.5188,0.2000,,1871,4,1875,0.4222,0.00028305
2025-05-20T01:33:57.145515,72,92,SingleStep+Ex,6.0,6.0,-0.0189,0.2000,,1882,4,1886,1.7318,0.00028470
2025-05-20T01:33:57.158080,77,178,SingleStep-NoEx,5.0,4.0,-1.0052,0.2000,,512,4,516,1.7443,0.00007920
2025-05-20T01:33:57.293326,28,480,MultiStep+Ex,6.5,6.5,-0.0779,0.2000,,7770,16,7786,1.8785,0.00117510
2025-05-20T01:33:57.299650,37,543,MultiStep-NoEx,7.0,5.5,-1.5218,0.2000,,2163,16,2179,1.8862,0.00033405
2025-05-20T01:33:57.329278,114,314,MultiStep-NoEx,7.0,5.0,-2.0212,0.2000,,2100,16,2116,1.2847,0.00032460
2025-05-20T01:33:57.357077,82,731,SingleStep+Ex,8.0,8.0,-0.0197,0.2000,,1962,4,1966,1.9432,0.00029670
2025-05-20T01:33:57.367619,113,501,MultiStep-NoEx,5.0,6.0,-1.0203,0.2000,,2014,16,2030,1.3238,0.00031170
2025-05-20T01:33:57.595085,102,343,MultiStep-NoEx,7.0,6.0,-1.0211,0.2000,,2096,15,2111,1.7130,0.00032340
2025-05-20T01:33:57.652529,134,431,MultiStep-NoEx,6.5,5.0,-1.5211,0.2000,,2093,16,2109,1.4068,0.00032355
2025-05-20T01:33:57.666312,115,337,MultiStep+Ex,6.0,5.5,-0.5701,0.2000,,6992,15,7007,1.6212,0.00105780
2025-05-20T01:33:57.680728,33,255,SingleStep+Ex,6.5,6.0,-0.5193,0.2000,,1931,4,1935,2.2675,0.00029205
2025-05-20T01:33:57.682125,58,641,SingleStep+Ex,7.0,6.0,-1.0195,0.2000,,1944,4,1948,2.2686,0.00029400
2025-05-20T01:33:57.698906,123,172,MultiStep+Ex,6.5,6.0,-0.5735,0.2000,,7335,15,7350,1.5838,0.00110925
2025-05-20T01:33:57.699584,78,388,MultiStep+Ex,7.0,6.0,-1.0746,0.2000,,7444,16,7460,2.2855,0.00112620
2025-05-20T01:33:57.701227,126,531,MultiStep+Ex,6.5,6.5,-0.0758,0.2000,,7560,16,7576,1.5518,0.00114360
2025-05-20T01:33:57.721267,17,81,MultiStep+Ex,6.5,7.0,-0.5740,0.2000,,7380,16,7396,2.3081,0.00111660
2025-05-20T01:33:57.817544,53,535,MultiStep-NoEx,6.5,5.5,-1.0256,0.2000,,2545,16,2561,2.4023,0.00039135
2025-05-20T01:33:57.827851,68,783,MultiStep-NoEx,6.0,4.5,-1.5195,0.2000,,1932,16,1948,2.4138,0.00029940
2025-05-20T01:33:57.835740,107,616,MultiStep+Ex,7.0,6.0,-1.0726,0.2000,,7248,16,7264,1.8076,0.00109680
2025-05-20T01:33:57.855215,80,313,MultiStep-NoEx,6.0,5.0,-1.0230,0.2000,,2284,16,2300,2.4412,0.00035220
2025-05-20T01:33:57.874201,42,143,MultiStep+Ex,7.0,,-10.0747,0.2000,Multi-step(+Ex) grading returned status: Calculation Error,7450,16,7466,2.4605,0.00112710
2025-05-20T01:33:57.934174,74,321,SingleStep-NoEx,8.0,6.5,-1.5068,0.2000,,676,4,680,2.5203,0.00010380
2025-05-20T01:33:57.943282,11,323,SingleStep+Ex,6.0,6.0,-0.0195,0.2000,,1943,4,1947,2.5304,0.00029385
2025-05-20T01:33:57.947361,138,164,MultiStep-NoEx,7.0,6.0,-1.0196,0.2000,,1946,16,1962,1.6217,0.00030150
2025-05-20T01:33:58.019975,120,210,MultiStep+Ex,6.5,5.0,-1.5762,0.2000,,7600,16,7616,1.9199,0.00114960
2025-05-20T01:33:58.071034,106,725,MultiStep-NoEx,8.0,6.5,-1.5258,0.2000,,2568,15,2583,2.1210,0.00039420
2025-05-20T01:33:58.162655,143,22,MultiStep+Ex,7.5,6.5,-1.0705,0.2000,,7038,16,7054,1.7095,0.00106530
2025-05-20T01:33:58.236794,104,429,MultiStep+Ex,7.5,7.0,-0.5776,0.2000,,7744,16,7760,2.3063,0.00117120
2025-05-20T01:33:58.336209,109,133,MultiStep-NoEx,5.0,4.5,-0.5197,0.2000,,1952,16,1968,2.3003,0.00030240
2025-05-20T01:33:58.338520,150,721,MultiStep+Ex,8.0,7.5,-0.5765,0.2000,,7632,15,7647,1.7236,0.00115380
2025-05-20T01:33:58.344367,185,449,SingleStep+Ex,6.5,6.0,-0.5196,0.2000,,1957,4,1961,0.2726,0.00029595
2025-05-20T01:33:58.349242,183,10,SingleStep+Ex,6.5,6.0,-0.5185,0.2000,,1843,4,1847,0.4018,0.00027885
2025-05-20T01:33:58.374360,121,706,MultiStep+Ex,8.0,7.0,-1.0759,0.2000,,7577,15,7592,2.2626,0.00114555
2025-05-20T01:33:58.407882,137,610,MultiStep+Ex,6.5,5.0,-1.5711,0.2000,,7098,15,7113,2.1504,0.00107370
2025-05-20T01:33:58.464152,182,67,SingleStep+Ex,6.0,6.0,-0.0192,0.2000,,1914,4,1918,0.5205,0.00028950
2025-05-20T01:33:58.485023,184,1,SingleStep+Ex,5.5,6.0,-0.5191,0.2000,,1908,4,1912,0.4647,0.00028860
2025-05-20T01:33:58.562553,127,202,MultiStep-NoEx,7.5,6.0,-1.5212,0.2000,,2102,16,2118,2.3214,0.00032490
2025-05-20T01:33:58.604784,103,621,MultiStep+Ex,7.0,6.0,-1.0746,0.2000,,7447,15,7462,2.7184,0.00112605
2025-05-20T01:33:58.624524,189,737,SingleStep+Ex,8.0,8.0,-0.0202,0.2000,,2012,4,2016,0.2857,0.00030420
2025-05-20T01:33:58.720876,186,445,SingleStep+Ex,6.0,6.0,-0.0207,0.2000,,2066,4,2070,0.5577,0.00031230
2025-05-20T01:33:58.722289,129,627,MultiStep+Ex,6.0,6.5,-0.5834,0.2000,,8324,16,8340,2.4778,0.00125820
2025-05-20T01:33:58.724040,131,736,MultiStep-NoEx,8.0,6.5,-1.5242,0.2000,,2404,16,2420,2.4793,0.00037020
2025-05-20T01:33:58.751484,158,79,MultiStep-NoEx,7.0,5.5,-1.5208,0.2000,,2064,16,2080,1.7367,0.00031920
2025-05-20T01:33:58.861655,1,441,MultiStep+Ex,6.5,5.5,-1.0699,0.2000,,6976,16,6992,3.4490,0.00105600
2025-05-20T01:33:58.863183,41,786,MultiStep+Ex,5.0,6.0,-1.0714,0.2000,,7120,16,7136,3.4495,0.00107760
2025-05-20T01:33:58.863277,125,499,MultiStep-NoEx,6.5,5.5,-1.0202,0.2000,,2003,15,2018,2.7255,0.00030945
2025-05-20T01:33:58.863436,67,435,MultiStep-NoEx,5.0,3.0,-2.0204,0.2000,,2020,16,2036,3.4495,0.00031260
2025-05-20T01:33:58.863569,34,434,MultiStep+Ex,6.5,6.0,-0.5714,0.2000,,7120,16,7136,3.4497,0.00107760
2025-05-20T01:33:58.864313,149,100,MultiStep-NoEx,5.5,5.5,-0.0255,0.2000,,2537,16,2553,2.2470,0.00039015
2025-05-20T01:33:58.919504,159,602,SingleStep-NoEx,7.0,6.0,-1.0053,0.2000,,523,4,527,1.8856,0.00008085
2025-05-20T01:33:58.945069,110,41,MultiStep+Ex,7.5,6.0,-1.5763,0.2000,,7616,16,7632,2.9088,0.00115200
2025-05-20T01:33:58.947813,200,755,SingleStep-NoEx,7.0,5.5,-1.5056,0.2000,,552,4,556,0.2254,0.00008520
2025-05-20T01:33:58.953551,162,719,MultiStep-NoEx,8.0,7.0,-1.0275,0.2000,,2736,16,2752,1.6592,0.00042000
2025-05-20T01:33:58.983639,190,616,SingleStep-NoEx,7.0,5.0,-2.0056,0.2000,,554,4,558,0.6386,0.00008550
2025-05-20T01:33:59.007241,105,331,MultiStep+Ex,6.5,6.0,-0.5720,0.2000,,7180,16,7196,3.0724,0.00108660
2025-05-20T01:33:59.008768,146,360,MultiStep+Ex,6.0,6.0,-0.0736,0.2000,,7342,16,7358,2.4482,0.00111090
2025-05-20T01:33:59.148206,69,305,MultiStep-NoEx,8.5,6.5,-2.0233,0.2000,,2315,16,2331,3.7340,0.00035685
2025-05-20T01:33:59.219474,76,302,MultiStep-NoEx,5.5,5.0,-0.5183,0.2000,,1816,16,1832,3.8053,0.00028200
2025-05-20T01:33:59.235036,130,12,MultiStep+Ex,7.0,6.0,-1.0737,0.2000,,7352,16,7368,2.9901,0.00111240
2025-05-20T01:33:59.261535,73,351,MultiStep+Ex,7.0,6.5,-0.5751,0.2000,,7496,16,7512,3.8438,0.00113400
2025-05-20T01:33:59.266543,47,248,MultiStep-NoEx,8.0,5.5,-2.5306,0.2000,,3041,16,3057,3.8529,0.00046575
2025-05-20T01:33:59.390677,210,591,SingleStep+Ex,5.5,6.0,-0.5187,0.2000,,1867,4,1871,0.4455,0.00028245
2025-05-20T01:33:59.390996,119,307,MultiStep+Ex,7.5,6.0,-1.5753,0.2000,,7514,16,7530,3.3094,0.00113670
2025-05-20T01:33:59.391210,84,403,MultiStep-NoEx,8.0,6.0,-2.0201,0.2000,,1997,16,2013,3.9771,0.00030915
2025-05-20T01:33:59.391974,157,98,MultiStep-NoEx,7.0,6.0,-1.0196,0.2000,,1940,16,1956,2.4160,0.00030060
2025-05-20T01:33:59.392053,199,131,SingleStep+Ex,6.0,6.0,-0.0190,0.2000,,1892,4,1896,0.6708,0.00028620
2025-05-20T01:33:59.392547,201,103,SingleStep+Ex,7.0,6.0,-1.0190,0.2000,,1898,4,1902,0.6684,0.00028710
2025-05-20T01:33:59.393142,46,759,MultiStep+Ex,7.0,4.5,-2.5688,0.2000,,6864,16,6880,3.9794,0.00103920
2025-05-20T01:33:59.393487,153,95,MultiStep-NoEx,7.5,5.0,-2.5224,0.2000,,2221,15,2236,2.5815,0.00034215
2025-05-20T01:33:59.394114,202,72,SingleStep+Ex,5.5,5.5,-0.0187,0.2000,,1867,4,1871,0.6424,0.00028245
2025-05-20T01:33:59.395578,122,748,MultiStep+Ex,7.0,6.0,-1.0776,0.2000,,7740,16,7756,3.2728,0.00117060
2025-05-20T01:33:59.405172,87,489,MultiStep+Ex,5.5,6.0,-0.5769,0.2000,,7676,16,7692,3.9910,0.00116100
2025-05-20T01:33:59.449179,169,590,MultiStep+Ex,6.5,6.0,-0.5785,0.2000,,7836,16,7852,1.7819,0.00118500
2025-05-20T01:33:59.452846,203,463,SingleStep+Ex,7.0,6.0,-1.0189,0.2000,,1882,4,1886,0.5910,0.00028470
2025-05-20T01:33:59.454581,206,521,SingleStep+Ex,6.0,6.0,-0.0185,0.2000,,1845,4,1849,0.5909,0.00027915
2025-05-20T01:33:59.467277,140,591,MultiStep+Ex,5.5,6.0,-0.5713,0.2000,,7110,16,7126,3.0808,0.00107610
2025-05-20T01:33:59.479542,148,166,MultiStep-NoEx,6.0,5.5,-0.5189,0.2000,,1876,16,1892,2.8673,0.00029100
2025-05-20T01:33:59.489002,88,695,MultiStep+Ex,8.0,7.0,-1.0722,0.2000,,7204,16,7220,4.0745,0.00109020
2025-05-20T01:33:59.499021,198,243,SingleStep+Ex,4.0,6.0,-2.0188,0.2000,,1877,4,1881,0.8743,0.00028395
2025-05-20T01:33:59.500359,215,50,SingleStep+Ex,7.5,6.5,-1.0196,0.2000,,1958,4,1962,0.4914,0.00029610
2025-05-20T01:33:59.505738,180,657,SingleStep+Ex,9.0,6.5,-2.5192,0.2000,,1912,4,1916,1.6314,0.00028920
2025-05-20T01:33:59.522696,212,539,SingleStep+Ex,6.0,6.0,-0.0193,0.2000,,1921,4,1925,0.5690,0.00029055
2025-05-20T01:33:59.524713,213,609,SingleStep-NoEx,8.0,6.5,-1.5066,0.2000,,657,4,661,0.5409,0.00010095
2025-05-20T01:33:59.524828,204,174,SingleStep+Ex,6.0,6.0,-0.0191,0.2000,,1904,4,1908,0.6614,0.00028800
2025-05-20T01:33:59.536561,124,296,MultiStep+Ex,6.5,5.0,-1.5753,0.2000,,7518,16,7534,3.4140,0.00113730
2025-05-20T01:33:59.537246,196,36,SingleStep+Ex,7.0,6.0,-1.0187,0.2000,,1863,4,1867,0.9744,0.00028185
2025-05-20T01:33:59.539213,142,313,MultiStep-NoEx,6.0,5.0,-1.0230,0.2000,,2284,16,2300,3.1115,0.00035220
2025-05-20T01:33:59.588346,195,491,SingleStep+Ex,6.5,6.0,-0.5188,0.2000,,1871,4,1875,1.1032,0.00028305
2025-05-20T01:33:59.589271,161,755,MultiStep-NoEx,7.0,5.0,-2.0211,0.2000,,2092,16,2108,2.4309,0.00032340
2025-05-20T01:33:59.591155,218,301,SingleStep+Ex,7.0,6.5,-0.5185,0.2000,,1848,4,1852,0.3558,0.00027960
2025-05-20T01:33:59.592547,197,85,SingleStep+Ex,6.0,6.0,-0.0198,0.2000,,1973,4,1977,0.9876,0.00029835
2025-05-20T01:33:59.617163,136,473,MultiStep+Ex,6.0,6.0,-0.0705,0.2000,,7033,16,7049,3.3702,0.00106455
2025-05-20T01:33:59.617616,141,733,MultiStep+Ex,8.0,7.5,-0.5780,0.2000,,7788,16,7804,3.2258,0.00117780
2025-05-20T01:33:59.622861,192,532,SingleStep+Ex,7.0,6.0,-1.0185,0.2000,,1849,4,1853,1.2484,0.00027975
2025-05-20T01:33:59.630703,57,38,MultiStep-NoEx,5.0,4.5,-0.5199,0.2000,,1978,16,1994,4.2169,0.00030630
2025-05-20T01:33:59.648955,164,236,MultiStep-NoEx,7.0,5.0,-2.0189,0.2000,,1879,15,1894,2.3191,0.00029085
2025-05-20T01:33:59.649842,230,767,SingleStep+Ex,6.0,6.0,-0.0190,0.2000,,1893,4,1897,0.2541,0.00028635
2025-05-20T01:33:59.652983,231,415,SingleStep+Ex,7.5,6.0,-1.5225,0.2000,,2249,4,2253,0.2466,0.00033975
2025-05-20T01:33:59.678734,32,280,MultiStep-NoEx,6.0,6.0,-0.0218,0.2000,,2160,16,2176,4.2647,0.00033360
2025-05-20T01:33:59.684984,191,634,SingleStep-NoEx,8.5,6.0,-2.5051,0.2000,,508,4,512,1.3352,0.00007860
2025-05-20T01:33:59.693807,101,762,MultiStep-NoEx,6.0,5.0,-1.0181,0.2000,,1796,16,1812,3.8371,0.00027900
2025-05-20T01:33:59.716132,216,29,SingleStep+Ex,6.0,6.0,-0.0186,0.2000,,1854,4,1858,0.5677,0.00028050
2025-05-20T01:33:59.729200,207,365,SingleStep+Ex,7.5,6.5,-1.0189,0.2000,,1881,4,1885,0.8650,0.00028455
2025-05-20T01:33:59.736465,167,125,MultiStep+Ex,5.5,6.0,-0.5731,0.2000,,7294,16,7310,2.1405,0.00110370
2025-05-20T01:33:59.747568,155,214,MultiStep-NoEx,5.5,4.5,-1.0198,0.2000,,1960,16,1976,2.8806,0.00030360
2025-05-20T01:33:59.759346,228,50,SingleStep-NoEx,7.5,6.5,-1.0061,0.2000,,609,4,613,0.3643,0.00009375
2025-05-20T01:33:59.769778,59,517,MultiStep-NoEx,5.0,5.0,-0.0199,0.2000,,1976,16,1992,4.3559,0.00030600
2025-05-20T01:33:59.780849,118,84,MultiStep-NoEx,8.0,6.0,-2.0258,0.2000,,2568,16,2584,3.7148,0.00039480
2025-05-20T01:33:59.781116,99,491,MultiStep+Ex,6.5,6.0,-0.5714,0.2000,,7124,16,7140,4.3668,0.00107820
2025-05-20T01:33:59.800664,94,661,MultiStep-NoEx,9.0,6.0,-3.0214,0.2000,,2124,16,2140,4.3865,0.00032820
2025-05-20T01:33:59.812289,243,380,SingleStep+Ex,6.0,6.0,-0.0184,0.2000,,1833,4,1837,0.2872,0.00027735
2025-05-20T01:33:59.911388,224,85,SingleStep+Ex,6.0,6.0,-0.0198,0.2000,,1973,4,1977,0.5187,0.00029835
2025-05-20T01:33:59.914788,181,439,SingleStep+Ex,6.0,6.5,-0.5203,0.2000,,2023,4,2027,1.9803,0.00030585
2025-05-20T01:33:59.915292,252,249,SingleStep+Ex,7.0,6.0,-1.0190,0.2000,,1895,4,1899,0.2971,0.00028665
2025-05-20T01:33:59.915624,116,705,MultiStep+Ex,8.0,7.0,-1.0754,0.2000,,7525,16,7541,3.8617,0.00113835
2025-05-20T01:33:59.915959,226,684,SingleStep+Ex,8.0,7.5,-0.5191,0.2000,,1904,4,1908,0.5217,0.00028800
2025-05-20T01:33:59.941571,242,255,SingleStep+Ex,6.5,6.5,-0.0194,0.2000,,1931,4,1935,0.4167,0.00029205
2025-05-20T01:33:59.967074,245,167,SingleStep+Ex,5.0,5.5,-0.5183,0.2000,,1823,4,1827,0.4296,0.00027585
2025-05-20T01:33:59.984781,249,27,SingleStep+Ex,5.5,7.0,-1.5190,0.2000,,1900,4,1904,0.3935,0.00028740
2025-05-20T01:33:59.998813,235,430,SingleStep+Ex,6.5,6.5,-0.0203,0.2000,,2028,4,2032,0.5314,0.00030660
2025-05-20T01:34:00.013977,236,473,SingleStep+Ex,6.0,6.0,-0.0186,0.2000,,1851,4,1855,0.5343,0.00028005
2025-05-20T01:34:00.014141,263,566,SingleStep+Ex,7.0,5.5,-1.5192,0.2000,,1921,4,1925,0.2776,0.00029055
2025-05-20T01:34:00.040782,193,39,SingleStep-NoEx,7.5,6.0,-1.5053,0.2000,,524,4,528,1.6327,0.00008100
2025-05-20T01:34:00.047865,48,485,MultiStep-NoEx,6.0,5.5,-0.5291,0.2000,,2893,16,2909,4.6325,0.00044355
2025-05-20T01:34:00.049698,262,173,SingleStep+Ex,6.0,6.0,-0.0191,0.2000,,1903,4,1907,0.3203,0.00028785
2025-05-20T01:34:00.051850,194,752,SingleStep+Ex,7.0,6.0,-1.0186,0.2000,,1851,4,1855,1.5867,0.00028005
2025-05-20T01:34:00.081801,90,631,MultiStep+Ex,6.0,6.5,-0.5722,0.2000,,7200,16,7216,4.6676,0.00108960
2025-05-20T01:34:00.130697,63,709,MultiStep+Ex,8.0,7.0,-1.0774,0.2000,,7728,16,7744,4.7164,0.00116880
2025-05-20T01:34:00.147638,209,303,SingleStep+Ex,6.5,6.5,-0.0188,0.2000,,1874,4,1878,1.2279,0.00028350
2025-05-20T01:34:00.156031,154,336,MultiStep-NoEx,7.0,6.0,-1.0215,0.2000,,2130,16,2146,3.3028,0.00032910
2025-05-20T01:34:00.176442,238,623,SingleStep+Ex,6.5,6.0,-0.5188,0.2000,,1876,4,1880,0.6773,0.00028380
2025-05-20T01:34:00.196984,175,7,MultiStep+Ex,6.5,5.0,-1.5724,0.2000,,7222,16,7238,2.4747,0.00109290
2025-05-20T01:34:00.245308,261,524,SingleStep+Ex,6.5,6.0,-0.5200,0.2000,,1997,4,2001,0.5290,0.00030195
2025-05-20T01:34:00.279128,269,344,SingleStep+Ex,7.0,6.0,-1.0192,0.2000,,1914,4,1918,0.4784,0.00028950
2025-05-20T01:34:00.293753,151,677,MultiStep-NoEx,8.0,7.0,-1.0203,0.2000,,2009,16,2025,3.6554,0.00031095
2025-05-20T01:34:00.321934,284,217,SingleStep+Ex,8.0,6.0,-2.0204,0.2000,,2035,4,2039,0.2718,0.00030765
2025-05-20T01:34:00.436862,223,470,SingleStep+Ex,6.0,6.5,-0.5211,0.2000,,2109,4,2113,1.0446,0.00031875
2025-05-20T01:34:00.438923,220,616,SingleStep+Ex,7.0,6.0,-1.0191,0.2000,,1901,4,1905,1.1722,0.00028755
2025-05-20T01:34:00.439167,219,761,SingleStep+Ex,6.0,6.0,-0.0193,0.2000,,1925,4,1929,1.1773,0.00029115
2025-05-20T01:34:00.439318,163,421,MultiStep+Ex,6.5,7.0,-0.5726,0.2000,,7244,16,7260,3.1329,0.00109620
2025-05-20T01:34:00.439446,241,681,SingleStep+Ex,8.0,6.5,-1.5193,0.2000,,1922,4,1926,0.9166,0.00029070
2025-05-20T01:34:00.440311,237,707,SingleStep+Ex,8.0,8.0,-0.0203,0.2000,,2023,4,2027,0.9512,0.00030585
2025-05-20T01:34:00.441129,92,221,MultiStep+Ex,6.0,6.0,-0.0751,0.2000,,7496,16,7512,5.0263,0.00113400
2025-05-20T01:34:00.441701,225,593,SingleStep+Ex,6.5,6.0,-0.5188,0.2000,,1877,4,1881,1.0483,0.00028395
2025-05-20T01:34:00.442102,156,342,MultiStep+Ex,6.0,6.0,-0.0719,0.2000,,7172,16,7188,3.4667,0.00108540
2025-05-20T01:34:00.442325,111,465,MultiStep-NoEx,6.0,6.0,-0.0264,0.2000,,2624,16,2640,4.4013,0.00040320
2025-05-20T01:34:00.464424,255,614,SingleStep+Ex,7.0,6.5,-0.5190,0.2000,,1897,4,1901,0.8153,0.00028695
2025-05-20T01:34:00.469515,267,658,SingleStep+Ex,9.0,6.5,-2.5194,0.2000,,1933,4,1937,0.6886,0.00029235
2025-05-20T01:34:00.477580,279,638,SingleStep+Ex,6.5,6.0,-0.5198,0.2000,,1980,4,1984,0.4785,0.00029940
2025-05-20T01:34:00.477767,283,363,SingleStep-NoEx,5.5,5.0,-0.5054,0.2000,,540,4,544,0.4296,0.00008340
2025-05-20T01:34:00.482816,274,36,SingleStep+Ex,7.0,6.0,-1.0187,0.2000,,1865,4,1869,0.5671,0.00028215
2025-05-20T01:34:00.483772,81,348,MultiStep-NoEx,8.0,6.0,-2.0206,0.2000,,2040,16,2056,5.0695,0.00031560
2025-05-20T01:34:00.522874,273,105,SingleStep+Ex,6.5,6.0,-0.5184,0.2000,,1838,4,1842,0.6074,0.00027810
2025-05-20T01:34:00.532959,275,176,SingleStep-NoEx,6.0,5.0,-1.0053,0.2000,,526,4,530,0.6165,0.00008130
2025-05-20T01:34:00.536162,276,405,SingleStep+Ex,6.5,6.5,-0.0195,0.2000,,1950,4,1954,0.5945,0.00029490
2025-05-20T01:34:00.555058,291,422,SingleStep+Ex,7.5,7.0,-0.5187,0.2000,,1862,4,1866,0.3578,0.00028170
2025-05-20T01:34:00.569206,280,720,SingleStep+Ex,8.0,7.5,-0.5202,0.2000,,2013,4,2017,0.5550,0.00030435
2025-05-20T01:34:00.653662,294,739,SingleStep+Ex,8.0,8.0,-0.0204,0.2000,,2035,4,2039,0.3597,0.00030765
2025-05-20T01:34:00.658448,240,5,SingleStep+Ex,5.5,6.0,-0.5189,0.2000,,1885,4,1889,1.1526,0.00028515
2025-05-20T01:34:00.662584,211,542,MultiStep+Ex,4.0,3.0,-1.0648,0.2000,,6460,16,6476,1.7120,0.00097860
2025-05-20T01:34:00.666639,256,520,SingleStep+Ex,4.5,6.0,-1.5194,0.2000,,1941,4,1945,1.0165,0.00029355
2025-05-20T01:34:00.668745,188,584,MultiStep-NoEx,7.5,6.0,-1.5219,0.2000,,2174,16,2190,2.3313,0.00033570
2025-05-20T01:34:00.676602,292,492,SingleStep+Ex,7.0,6.0,-1.0195,0.2000,,1949,4,1953,0.4309,0.00029475
2025-05-20T01:34:00.683564,248,523,SingleStep-NoEx,6.0,5.5,-0.5071,0.2000,,707,4,711,1.0940,0.00010845
2025-05-20T01:34:00.686112,168,784,MultiStep+Ex,6.0,4.0,-2.0715,0.2000,,7136,15,7151,3.0332,0.00107940
2025-05-20T01:34:00.692985,264,704,SingleStep+Ex,8.0,6.5,-1.5192,0.2000,,1915,4,1919,0.9453,0.00028965
2025-05-20T01:34:00.697963,222,45,SingleStep+Ex,7.5,7.0,-0.5193,0.2000,,1922,4,1926,1.3068,0.00029070
2025-05-20T01:34:00.698817,293,157,SingleStep+Ex,7.5,6.5,-1.0194,0.2000,,1936,4,1940,0.4196,0.00029280
2025-05-20T01:34:00.719537,229,248,SingleStep+Ex,8.0,6.5,-1.5214,0.2000,,2136,4,2140,1.3243,0.00032280
2025-05-20T01:34:00.720074,301,255,SingleStep+Ex,6.5,6.0,-0.5193,0.2000,,1931,4,1935,0.2796,0.00029205
2025-05-20T01:34:00.724352,217,719,SingleStep+Ex,8.0,8.0,-0.0206,0.2000,,2059,4,2063,1.5038,0.00031125
2025-05-20T01:34:00.743990,306,176,SingleStep+Ex,6.0,6.0,-0.0188,0.2000,,1873,4,1877,0.2795,0.00028335
2025-05-20T01:34:00.760652,307,414,SingleStep+Ex,8.0,6.5,-1.5201,0.2000,,2010,4,2014,0.2907,0.00030390
2025-05-20T01:34:00.804271,177,240,MultiStep+Ex,8.0,7.0,-1.0789,0.2000,,7870,16,7886,2.9754,0.00119010
2025-05-20T01:34:00.825106,315,327,SingleStep+Ex,7.0,6.0,-1.0197,0.2000,,1963,4,1967,0.2699,0.00029685
2025-05-20T01:34:00.863652,251,607,SingleStep+Ex,7.0,6.5,-0.5195,0.2000,,1948,4,1952,1.2463,0.00029460
2025-05-20T01:34:00.958661,309,753,SingleStep+Ex,7.0,5.0,-2.0186,0.2000,,1852,4,1856,0.4804,0.00028020
2025-05-20T01:34:00.963260,313,627,SingleStep+Ex,6.0,6.5,-0.5218,0.2000,,2171,4,2175,0.4302,0.00032805
2025-05-20T01:34:00.963432,259,723,SingleStep+Ex,8.0,8.0,-0.0196,0.2000,,1958,4,1962,1.2783,0.00029610
2025-05-20T01:34:00.963581,302,487,SingleStep+Ex,6.5,6.5,-0.0194,0.2000,,1932,4,1936,0.5222,0.00029220
2025-05-20T01:34:00.963809,322,521,SingleStep+Ex,6.0,6.0,-0.0185,0.2000,,1843,4,1847,0.2871,0.00027885
2025-05-20T01:34:00.963887,265,491,SingleStep+Ex,6.5,6.0,-0.5188,0.2000,,1871,4,1875,1.2044,0.00028305
2025-05-20T01:34:00.964237,268,211,SingleStep+Ex,7.5,6.0,-1.5196,0.2000,,1952,4,1956,1.1830,0.00029520
2025-05-20T01:34:00.964697,135,211,MultiStep+Ex,7.5,6.0,-1.5746,0.2000,,7448,16,7464,4.7183,0.00112680
2025-05-20T01:34:00.964849,298,120,SingleStep+Ex,5.5,6.0,-0.5187,0.2000,,1864,4,1868,0.5254,0.00028200
2025-05-20T01:34:00.965016,253,696,SingleStep+Ex,8.0,6.5,-1.5186,0.2000,,1859,4,1863,1.3421,0.00028125
2025-05-20T01:34:00.965112,314,421,SingleStep+Ex,6.5,6.5,-0.0191,0.2000,,1901,4,1905,0.4289,0.00028755
2025-05-20T01:34:00.965187,305,508,SingleStep+Ex,6.5,5.5,-1.0187,0.2000,,1862,4,1866,0.5223,0.00028170
2025-05-20T01:34:00.965357,330,561,SingleStep+Ex,7.0,6.0,-1.0195,0.2000,,1949,4,1953,0.2407,0.00029475
2025-05-20T01:34:00.965418,319,656,SingleStep+Ex,9.0,7.0,-2.0199,0.2000,,1983,4,1987,0.3027,0.00029985
2025-05-20T01:34:00.965617,329,635,SingleStep+Ex,7.0,6.0,-1.0188,0.2000,,1874,4,1878,0.2452,0.00028350
2025-05-20T01:34:00.979704,324,635,SingleStep+Ex,7.0,6.0,-1.0188,0.2000,,1874,4,1878,0.2935,0.00028350
2025-05-20T01:34:00.982999,323,699,SingleStep+Ex,8.0,8.0,-0.0217,0.2000,,2170,4,2174,0.2994,0.00032790
2025-05-20T01:34:01.046658,299,29,SingleStep+Ex,6.0,6.0,-0.0186,0.2000,,1854,4,1858,0.6069,0.00028050
2025-05-20T01:34:01.048193,271,666,SingleStep+Ex,9.0,7.0,-2.0194,0.2000,,1936,4,1940,1.1362,0.00029280
2025-05-20T01:34:01.050012,270,406,SingleStep+Ex,8.5,6.5,-2.0193,0.2000,,1926,4,1930,1.2375,0.00029130
2025-05-20T01:34:01.074899,321,47,SingleStep+Ex,7.5,6.5,-1.0190,0.2000,,1894,4,1898,0.4060,0.00028650
2025-05-20T01:34:01.084326,327,281,SingleStep+Ex,7.5,6.5,-1.0195,0.2000,,1949,4,1953,0.3852,0.00029475
2025-05-20T01:34:01.093801,272,627,SingleStep+Ex,6.0,6.5,-0.5218,0.2000,,2171,4,2175,1.1785,0.00032805
2025-05-20T01:34:01.102778,332,19,SingleStep+Ex,8.0,6.5,-1.5198,0.2000,,1972,4,1976,0.3418,0.00029820
2025-05-20T01:34:01.149178,281,352,SingleStep+Ex,6.0,6.0,-0.0186,0.2000,,1857,4,1861,1.1348,0.00028095
2025-05-20T01:34:01.182610,308,391,SingleStep+Ex,6.0,6.0,-0.0185,0.2000,,1844,4,1848,0.7045,0.00027900
2025-05-20T01:34:01.209714,170,74,MultiStep+Ex,7.5,6.5,-1.0715,0.2000,,7132,16,7148,3.5286,0.00107940
2025-05-20T01:34:01.229458,349,105,SingleStep+Ex,6.5,6.5,-0.0184,0.2000,,1836,4,1840,0.2628,0.00027780
2025-05-20T01:34:01.237760,347,714,SingleStep-NoEx,8.0,7.0,-1.0065,0.2000,,644,4,648,0.2718,0.00009900
2025-05-20T01:34:01.259457,166,630,MultiStep+Ex,7.5,6.0,-1.5716,0.2000,,7140,16,7156,3.8912,0.00108060
2025-05-20T01:34:01.261816,260,388,SingleStep+Ex,7.0,6.0,-1.0195,0.2000,,1951,4,1955,1.5677,0.00029505
2025-05-20T01:34:01.276118,336,407,SingleStep+Ex,8.0,7.0,-1.0192,0.2000,,1919,3,1922,0.3139,0.00028965
2025-05-20T01:34:01.317380,286,681,SingleStep+Ex,8.0,6.5,-1.5193,0.2000,,1922,4,1926,1.2354,0.00029070
2025-05-20T01:34:01.328344,352,538,SingleStep+Ex,7.0,6.0,-1.0189,0.2000,,1888,3,1891,0.3452,0.00028500
2025-05-20T01:34:01.334524,343,225,SingleStep+Ex,7.0,6.0,-1.0186,0.2000,,1855,4,1859,0.3692,0.00028065
2025-05-20T01:34:01.352003,357,26,SingleStep+Ex,7.0,5.5,-1.5186,0.2000,,1852,4,1856,0.2675,0.00028020
2025-05-20T01:34:01.352121,345,629,SingleStep-NoEx,8.5,6.5,-2.0062,0.2000,,616,4,620,0.3866,0.00009480
2025-05-20T01:34:01.352846,353,613,SingleStep+Ex,8.0,6.5,-1.5193,0.2000,,1930,4,1934,0.3060,0.00029190
2025-05-20T01:34:01.354972,278,733,SingleStep-NoEx,8.0,7.0,-1.0070,0.2000,,695,4,699,1.3701,0.00010665
2025-05-20T01:34:01.360861,340,391,SingleStep+Ex,6.0,6.0,-0.0185,0.2000,,1844,4,1848,0.3966,0.00027900
2025-05-20T01:34:01.374086,297,195,SingleStep+Ex,6.0,6.5,-0.5198,0.2000,,1977,4,1981,0.9348,0.00029895
2025-05-20T01:34:01.376687,304,10,SingleStep+Ex,6.5,6.0,-0.5185,0.2000,,1843,4,1847,0.9339,0.00027885
2025-05-20T01:34:01.379824,338,235,SingleStep+Ex,5.0,5.0,-0.0191,0.2000,,1902,4,1906,0.4162,0.00028770
2025-05-20T01:34:01.385912,355,296,SingleStep+Ex,6.5,6.0,-0.5198,0.2000,,1972,4,1976,0.3354,0.00029820
2025-05-20T01:34:01.386037,359,269,SingleStep+Ex,6.0,6.0,-0.0190,0.2000,,1895,3,1898,0.2831,0.00028605
2025-05-20T01:34:01.482842,335,781,SingleStep+Ex,6.0,6.0,-0.0181,0.2000,,1804,4,1808,0.6190,0.00027300
2025-05-20T01:34:01.484541,346,83,SingleStep+Ex,6.5,6.5,-0.0189,0.2000,,1889,4,1893,0.5189,0.00028575
2025-05-20T01:34:01.486944,326,327,SingleStep+Ex,7.0,6.0,-1.0197,0.2000,,1963,4,1967,0.7889,0.00029685
2025-05-20T01:34:01.487565,290,298,SingleStep+Ex,7.0,6.0,-1.0189,0.2000,,1889,4,1893,1.3110,0.00028575
2025-05-20T01:34:01.487752,244,403,MultiStep+Ex,8.0,6.5,-1.5714,0.2000,,7123,15,7138,1.9499,0.00107745
2025-05-20T01:34:01.508446,339,753,SingleStep+Ex,7.0,5.0,-2.0186,0.2000,,1852,4,1856,0.5446,0.00028020
2025-05-20T01:34:01.512612,277,20,MultiStep+Ex,5.5,6.0,-0.5714,0.2000,,7121,15,7136,1.5451,0.00107715
2025-05-20T01:34:01.514662,364,82,SingleStep+Ex,5.5,6.0,-0.5189,0.2000,,1882,4,1886,0.2768,0.00028470
2025-05-20T01:34:01.530676,365,459,SingleStep+Ex,8.0,6.5,-1.5193,0.2000,,1926,4,1930,0.2710,0.00029130
2025-05-20T01:34:01.560027,361,468,SingleStep+Ex,7.0,7.0,-0.0199,0.2000,,1987,4,1991,0.3772,0.00030045
2025-05-20T01:34:01.562114,337,783,SingleStep+Ex,6.0,6.0,-0.0186,0.2000,,1858,4,1862,0.5987,0.00028110
2025-05-20T01:34:01.570737,320,415,SingleStep+Ex,7.5,6.0,-1.5225,0.2000,,2249,4,2253,0.9040,0.00033975
2025-05-20T01:34:01.570896,214,551,MultiStep-NoEx,7.0,5.0,-2.0272,0.2000,,2702,16,2718,2.5624,0.00041490
2025-05-20T01:34:01.570959,351,419,SingleStep+Ex,5.5,6.5,-1.0190,0.2000,,1891,4,1895,0.5912,0.00028605
2025-05-20T01:34:01.589913,312,280,SingleStep+Ex,6.0,6.5,-0.5192,0.2000,,1917,4,1921,1.0669,0.00028995
2025-05-20T01:34:01.625295,311,571,SingleStep+Ex,4.5,5.5,-1.0187,0.2000,,1868,4,1872,1.1414,0.00028260
2025-05-20T01:34:01.627319,289,583,SingleStep+Ex,6.5,5.5,-1.0188,0.2000,,1880,4,1884,1.4710,0.00028440
2025-05-20T01:34:01.636715,358,104,SingleStep+Ex,6.5,6.5,-0.0184,0.2000,,1836,4,1840,0.5427,0.00027780
2025-05-20T01:34:01.713957,374,440,SingleStep+Ex,7.0,6.5,-0.5188,0.2000,,1875,4,1879,0.3589,0.00028365
2025-05-20T01:34:01.725823,378,309,SingleStep+Ex,4.0,5.0,-1.0189,0.2000,,1887,4,1891,0.3457,0.00028545
2025-05-20T01:34:01.737543,257,59,MultiStep-NoEx,6.5,6.0,-0.5229,0.2000,,2269,16,2285,2.0833,0.00034995
2025-05-20T01:34:01.742699,362,517,SingleStep+Ex,5.0,5.5,-0.5187,0.2000,,1869,4,1873,0.5328,0.00028275
2025-05-20T01:34:01.753147,376,495,SingleStep+Ex,7.0,6.0,-1.0195,0.2000,,1947,4,1951,0.3789,0.00029445
2025-05-20T01:34:01.767956,348,107,SingleStep+Ex,5.5,6.0,-0.5189,0.2000,,1885,4,1889,0.8016,0.00028515
2025-05-20T01:34:01.768425,287,28,MultiStep-NoEx,5.0,5.0,-0.0204,0.2000,,2024,16,2040,1.6370,0.00031320
2025-05-20T01:34:01.778794,331,41,SingleStep+Ex,7.5,6.5,-1.0200,0.2000,,1994,4,1998,1.0346,0.00030150
2025-05-20T01:34:01.782079,350,468,SingleStep+Ex,7.0,6.5,-0.5199,0.2000,,1987,4,1991,0.8148,0.00030045
2025-05-20T01:34:01.788741,342,26,SingleStep+Ex,7.0,5.5,-1.5186,0.2000,,1852,4,1856,0.8236,0.00028020
2025-05-20T01:34:01.788846,208,471,MultiStep+Ex,6.0,6.5,-0.5809,0.2000,,8076,16,8092,2.9238,0.00122100
2025-05-20T01:34:01.789014,282,444,MultiStep-NoEx,8.5,6.0,-2.5209,0.2000,,2072,16,2088,1.7480,0.00032040
2025-05-20T01:34:01.789449,368,206,SingleStep+Ex,5.5,5.5,-0.0186,0.2000,,1854,4,1858,0.4719,0.00028050
2025-05-20T01:34:01.789648,371,683,SingleStep+Ex,8.0,7.5,-0.5191,0.2000,,1908,4,1912,0.4375,0.00028860
2025-05-20T01:34:01.790337,316,336,SingleStep-NoEx,7.0,6.0,-1.0056,0.2000,,560,4,564,1.2209,0.00008640
2025-05-20T01:34:01.802159,333,188,SingleStep-NoEx,6.0,5.5,-0.5050,0.2000,,500,4,504,0.9976,0.00007740
2025-05-20T01:34:01.805123,300,154,SingleStep+Ex,6.5,6.5,-0.0203,0.2000,,2022,4,2026,1.3652,0.00030570
2025-05-20T01:34:01.830092,392,474,SingleStep+Ex,5.0,6.0,-1.0190,0.2000,,1896,4,1900,0.2592,0.00028680
2025-05-20T01:34:01.835152,334,153,SingleStep+Ex,7.0,6.0,-1.0187,0.2000,,1870,4,1874,1.0098,0.00028290
2025-05-20T01:34:01.867986,258,330,MultiStep-NoEx,8.0,6.0,-2.0252,0.2000,,2501,15,2516,2.1887,0.00038415
2025-05-20T01:34:02.018830,254,495,MultiStep+Ex,7.0,6.0,-1.0744,0.2000,,7428,16,7444,2.3877,0.00112380
2025-05-20T01:34:02.029751,370,382,SingleStep+Ex,8.5,6.0,-2.5182,0.2000,,1819,4,1823,0.6948,0.00027525
2025-05-20T01:34:02.030387,390,524,SingleStep+Ex,6.5,6.0,-0.5200,0.2000,,1995,4,1999,0.4702,0.00030165
2025-05-20T01:34:02.030824,409,206,SingleStep-NoEx,5.5,5.5,-0.0051,0.2000,,507,4,511,0.2410,0.00007845
2025-05-20T01:34:02.031281,401,443,SingleStep+Ex,6.5,6.0,-0.5200,0.2000,,1996,4,2000,0.2936,0.00030180
2025-05-20T01:34:02.031892,310,219,SingleStep+Ex,6.5,6.0,-0.5186,0.2000,,1854,4,1858,1.5489,0.00028050
2025-05-20T01:34:02.032076,372,786,SingleStep+Ex,5.0,6.0,-1.0187,0.2000,,1870,4,1874,0.6799,0.00028290
2025-05-20T01:34:02.032404,295,530,SingleStep+Ex,6.0,6.0,-0.0190,0.2000,,1898,4,1902,1.7103,0.00028710
2025-05-20T01:34:02.032535,398,408,SingleStep+Ex,7.5,7.0,-0.5212,0.2000,,2111,4,2115,0.3957,0.00031905
2025-05-20T01:34:02.032889,250,31,MultiStep+Ex,5.5,6.0,-0.5706,0.2000,,7042,16,7058,2.4392,0.00106590
2025-05-20T01:34:02.033491,410,163,SingleStep+Ex,7.0,6.5,-0.5187,0.2000,,1862,4,1866,0.2431,0.00028170
2025-05-20T01:34:02.033664,239,755,MultiStep-NoEx,7.0,5.5,-1.5211,0.2000,,2092,16,2108,2.5331,0.00032340
2025-05-20T01:34:02.034382,380,290,SingleStep+Ex,6.0,6.0,-0.0188,0.2000,,1876,4,1880,0.6470,0.00028380
2025-05-20T01:34:02.034967,377,252,SingleStep+Ex,5.0,6.0,-1.0189,0.2000,,1885,4,1889,0.6581,0.00028515
2025-05-20T01:34:02.035970,296,262,SingleStep+Ex,6.0,6.5,-0.5195,0.2000,,1950,4,1954,1.5984,0.00029490
2025-05-20T01:34:02.060433,379,23,SingleStep+Ex,6.5,6.5,-0.0189,0.2000,,1884,4,1888,0.6743,0.00028500
2025-05-20T01:34:02.087958,394,635,SingleStep+Ex,7.0,6.0,-1.0187,0.2000,,1865,4,1869,0.5168,0.00028215
2025-05-20T01:34:02.092472,384,343,SingleStep+Ex,7.0,6.5,-0.5190,0.2000,,1899,4,1903,0.6035,0.00028725
2025-05-20T01:34:02.135852,354,622,SingleStep+Ex,5.0,5.0,-0.0186,0.2000,,1861,4,1865,1.0875,0.00028155
2025-05-20T01:34:02.140737,416,651,SingleStep+Ex,9.0,6.5,-2.5196,0.2000,,1961,4,1965,0.3105,0.00029655
2025-05-20T01:34:02.154600,381,471,SingleStep+Ex,6.0,6.5,-0.5211,0.2000,,2109,4,2113,0.6714,0.00031875
2025-05-20T01:34:02.157870,403,752,SingleStep+Ex,7.0,5.5,-1.5186,0.2000,,1851,4,1855,0.4045,0.00028005
2025-05-20T01:34:02.198082,402,77,SingleStep-NoEx,6.5,6.0,-0.5053,0.2000,,530,4,534,0.4552,0.00008190
2025-05-20T01:34:02.198292,400,285,SingleStep+Ex,6.5,6.5,-0.0186,0.2000,,1859,4,1863,0.4723,0.00028125
2025-05-20T01:34:02.198701,397,73,SingleStep+Ex,5.5,6.0,-0.5193,0.2000,,1928,4,1932,0.5709,0.00029160
2025-05-20T01:34:02.229012,363,208,SingleStep+Ex,6.5,6.0,-0.5190,0.2000,,1891,4,1895,0.9993,0.00028605
2025-05-20T01:34:02.237109,411,348,SingleStep+Ex,8.0,6.5,-1.5189,0.2000,,1885,4,1889,0.4464,0.00028515
2025-05-20T01:34:02.280553,399,57,SingleStep+Ex,6.0,6.0,-0.0201,0.2000,,2003,4,2007,0.5663,0.00030285
2025-05-20T01:34:02.294783,413,97,SingleStep+Ex,7.0,6.5,-0.5198,0.2000,,1973,4,1977,0.5029,0.00029835
2025-05-20T01:34:02.295196,420,263,SingleStep+Ex,6.0,6.5,-0.5195,0.2000,,1950,4,1954,0.2646,0.00029490
2025-05-20T01:34:02.296302,407,292,SingleStep+Ex,6.0,5.5,-0.5195,0.2000,,1950,4,1954,0.5141,0.00029490
2025-05-20T01:34:02.327019,431,244,SingleStep+Ex,6.0,5.0,-1.0194,0.2000,,1940,3,1943,0.2909,0.00029280
2025-05-20T01:34:02.333777,425,501,SingleStep+Ex,5.0,6.5,-1.5188,0.2000,,1878,4,1882,0.3007,0.00028410
2025-05-20T01:34:02.339998,419,627,SingleStep+Ex,6.0,6.5,-0.5218,0.2000,,2171,4,2175,0.3206,0.00032805
2025-05-20T01:34:02.345524,341,403,SingleStep+Ex,8.0,6.5,-1.5188,0.2000,,1875,4,1879,1.3806,0.00028365
2025-05-20T01:34:02.347049,318,288,MultiStep+Ex,7.5,6.5,-1.0718,0.2000,,7168,16,7184,1.6872,0.00108480
2025-05-20T01:34:02.357804,360,761,SingleStep+Ex,6.0,6.0,-0.0193,0.2000,,1925,4,1929,1.2084,0.00029115
2025-05-20T01:34:02.359096,424,561,SingleStep-NoEx,7.0,5.5,-1.5061,0.2000,,602,4,606,0.3263,0.00009270
2025-05-20T01:34:02.374816,438,597,SingleStep+Ex,8.5,6.5,-2.0189,0.2000,,1884,4,1888,0.2340,0.00028500
2025-05-20T01:34:02.396761,440,102,SingleStep+Ex,6.0,6.0,-0.0188,0.2000,,1879,4,1883,0.2388,0.00028425
2025-05-20T01:34:02.537070,418,641,SingleStep-NoEx,7.0,5.0,-2.0060,0.2000,,597,4,601,0.6689,0.00009195
2025-05-20T01:34:02.539468,426,546,SingleStep+Ex,6.5,7.0,-0.5207,0.2000,,2070,4,2074,0.5059,0.00031290
2025-05-20T01:34:02.539603,404,668,SingleStep+Ex,9.0,6.5,-2.5192,0.2000,,1921,4,1925,0.7714,0.00029055
2025-05-20T01:34:02.539864,436,475,SingleStep+Ex,6.5,6.0,-0.5189,0.2000,,1881,4,1885,0.4473,0.00028455
2025-05-20T01:34:02.540198,428,612,SingleStep+Ex,6.0,6.0,-0.0195,0.2000,,1948,4,1952,0.5058,0.00029460
2025-05-20T01:34:02.540326,187,450,MultiStep-NoEx,6.5,5.5,-1.0206,0.2000,,2040,16,2056,4.3026,0.00031560
2025-05-20T01:34:02.540457,389,659,SingleStep+Ex,9.0,6.5,-2.5191,0.2000,,1907,4,1911,1.0096,0.00028845
2025-05-20T01:34:02.540772,247,403,MultiStep+Ex,8.0,6.5,-1.5715,0.2000,,7132,16,7148,2.9516,0.00107940
2025-05-20T01:34:02.541079,414,689,SingleStep+Ex,8.0,7.0,-1.0189,0.2000,,1889,4,1893,0.7388,0.00028575
2025-05-20T01:34:02.541187,430,112,SingleStep+Ex,5.0,6.0,-1.0189,0.2000,,1885,4,1889,0.5056,0.00028515
2025-05-20T01:34:02.541950,444,188,SingleStep+Ex,6.0,6.0,-0.0185,0.2000,,1847,4,1851,0.3127,0.00027945
2025-05-20T01:34:02.542396,417,743,SingleStep+Ex,8.0,8.0,-0.0193,0.2000,,1921,4,1925,0.7072,0.00029055
2025-05-20T01:34:02.542997,427,327,SingleStep+Ex,7.0,6.0,-1.0195,0.2000,,1951,4,1955,0.5092,0.00029505
2025-05-20T01:34:02.543340,406,251,SingleStep+Ex,5.0,6.5,-1.5195,0.2000,,1943,4,1947,0.7641,0.00029385
2025-05-20T01:34:02.543533,393,161,SingleStep+Ex,7.5,6.5,-1.0185,0.2000,,1844,4,1848,0.9725,0.00027900
2025-05-20T01:34:02.549907,385,468,SingleStep+Ex,7.0,6.5,-0.5199,0.2000,,1987,4,1991,1.0608,0.00030045
2025-05-20T01:34:02.567016,373,199,SingleStep-NoEx,7.5,6.0,-1.5055,0.2000,,551,4,555,1.2140,0.00008505
2025-05-20T01:34:02.567178,366,174,SingleStep+Ex,6.0,6.0,-0.0191,0.2000,,1904,4,1908,1.3051,0.00028800
2025-05-20T01:34:02.567270,386,698,SingleStep+Ex,8.0,7.0,-1.0188,0.2000,,1877,4,1881,1.0587,0.00028395
2025-05-20T01:34:02.569825,395,365,SingleStep+Ex,7.5,6.5,-1.0189,0.2000,,1890,4,1894,0.9798,0.00028590
2025-05-20T01:34:02.574315,443,702,SingleStep+Ex,8.0,8.0,-0.0200,0.2000,,2000,4,2004,0.3741,0.00030240
2025-05-20T01:34:02.580242,328,463,MultiStep+Ex,7.0,6.0,-1.0717,0.2000,,7150,16,7166,1.8600,0.00108210
2025-05-20T01:34:02.592191,445,242,SingleStep+Ex,7.5,7.0,-0.5201,0.2000,,2010,4,2014,0.3550,0.00030390
2025-05-20T01:34:02.594156,421,533,SingleStep+Ex,7.0,6.0,-1.0186,0.2000,,1851,4,1855,0.5626,0.00028005
2025-05-20T01:34:02.601289,454,662,SingleStep+Ex,9.0,7.0,-2.0193,0.2000,,1925,4,1929,0.2541,0.00029115
2025-05-20T01:34:02.603024,449,223,SingleStep-NoEx,6.5,6.0,-0.5060,0.2000,,601,4,605,0.3062,0.00009255
2025-05-20T01:34:02.606054,422,643,SingleStep+Ex,9.0,7.0,-2.0196,0.2000,,1955,4,1959,0.5739,0.00029565
2025-05-20T01:34:02.619859,453,143,SingleStep+Ex,7.0,6.0,-1.0196,0.2000,,1952,4,1956,0.2742,0.00029520
2025-05-20T01:34:02.624664,434,128,SingleStep+Ex,5.5,6.0,-0.5190,0.2000,,1892,4,1896,0.5641,0.00028620
2025-05-20T01:34:02.632785,369,724,SingleStep+Ex,8.0,8.0,-0.0204,0.2000,,2035,4,2039,1.3043,0.00030765
2025-05-20T01:34:02.634060,396,697,SingleStep-NoEx,8.0,6.5,-1.5066,0.2000,,655,4,659,1.0085,0.00010065
2025-05-20T01:34:02.636311,391,440,SingleStep+Ex,7.0,6.0,-1.0188,0.2000,,1875,4,1879,1.0741,0.00028365
2025-05-20T01:34:02.642916,433,222,SingleStep+Ex,6.0,6.0,-0.0196,0.2000,,1953,4,1957,0.6065,0.00029535
2025-05-20T01:34:02.664403,383,645,SingleStep+Ex,9.0,7.0,-2.0194,0.2000,,1941,4,1945,1.1773,0.00029355
2025-05-20T01:34:02.670833,446,376,SingleStep+Ex,7.0,6.0,-1.0184,0.2000,,1837,4,1841,0.3901,0.00027795
2025-05-20T01:34:02.685532,442,681,SingleStep+Ex,8.0,6.5,-1.5193,0.2000,,1922,4,1926,0.4867,0.00029070
2025-05-20T01:34:02.686905,382,635,SingleStep+Ex,7.0,6.0,-1.0188,0.2000,,1874,4,1878,1.2021,0.00028350
2025-05-20T01:34:02.703392,456,351,SingleStep+Ex,7.0,6.5,-0.5197,0.2000,,1964,3,1967,0.3440,0.00029640
2025-05-20T01:34:02.704759,457,138,SingleStep+Ex,9.0,6.0,-3.0188,0.2000,,1874,4,1878,0.3298,0.00028350
2025-05-20T01:34:02.737500,447,278,SingleStep-NoEx,7.0,5.0,-2.0064,0.2000,,635,4,639,0.4424,0.00009765
2025-05-20T01:34:02.741321,441,298,SingleStep+Ex,7.0,5.5,-1.5189,0.2000,,1889,4,1893,0.5428,0.00028575
2025-05-20T01:34:02.747620,412,554,SingleStep+Ex,6.5,6.5,-0.0196,0.2000,,1959,4,1963,0.9567,0.00029625
2025-05-20T01:34:02.749835,266,787,MultiStep-NoEx,5.0,4.0,-1.0141,0.2000,,1394,16,1410,2.9797,0.00021870
2025-05-20T01:34:02.751309,460,182,SingleStep+Ex,6.0,6.5,-0.5216,0.2000,,2159,4,2163,0.2114,0.00032625
2025-05-20T01:34:02.795209,459,634,SingleStep+Ex,8.5,6.5,-2.0186,0.2000,,1855,4,1859,0.2568,0.00028065
2025-05-20T01:34:02.795539,405,456,SingleStep+Ex,6.5,6.0,-0.5199,0.2000,,1984,4,1988,1.0269,0.00030000
2025-05-20T01:34:02.804967,468,366,SingleStep+Ex,5.0,5.5,-0.5197,0.2000,,1966,4,1970,0.2620,0.00029730
2025-05-20T01:34:02.808723,474,656,SingleStep+Ex,9.0,7.0,-2.0199,0.2000,,1983,4,1987,0.2573,0.00029985
2025-05-20T01:34:02.845946,423,679,SingleStep+Ex,8.0,7.0,-1.0185,0.2000,,1849,4,1853,0.8134,0.00027975
2025-05-20T01:34:02.846207,481,77,SingleStep+Ex,6.5,6.5,-0.0188,0.2000,,1877,4,1881,0.2539,0.00028395
2025-05-20T01:34:02.858999,464,249,SingleStep+Ex,7.0,6.0,-1.0190,0.2000,,1895,4,1899,0.3178,0.00028665
2025-05-20T01:34:02.861768,448,655,SingleStep+Ex,9.0,7.5,-1.5188,0.2000,,1877,4,1881,0.5663,0.00028395
2025-05-20T01:34:02.877827,461,629,SingleStep+Ex,8.5,7.0,-1.5197,0.2000,,1963,4,1967,0.3373,0.00029685
2025-05-20T01:34:02.878145,479,488,SingleStep+Ex,6.5,6.0,-0.5193,0.2000,,1930,4,1934,0.3037,0.00029190
2025-05-20T01:34:02.883609,491,533,SingleStep+Ex,7.0,6.0,-1.0185,0.2000,,1849,4,1853,0.2406,0.00027975
2025-05-20T01:34:02.932124,458,639,SingleStep+Ex,6.5,6.0,-0.5198,0.2000,,1978,4,1982,0.5348,0.00029910
2025-05-20T01:34:02.941456,472,155,SingleStep+Ex,4.5,4.0,-0.5185,0.2000,,1851,4,1855,0.3975,0.00028005
2025-05-20T01:34:02.942587,470,438,SingleStep+Ex,6.0,6.5,-0.5202,0.2000,,2015,3,2018,0.3991,0.00030405
2025-05-20T01:34:02.961903,483,290,SingleStep+Ex,6.0,6.0,-0.0188,0.2000,,1878,4,1882,0.3605,0.00028410
2025-05-20T01:34:02.962357,497,360,SingleStep+Ex,6.0,6.0,-0.0193,0.2000,,1930,3,1933,0.2575,0.00029130
2025-05-20T01:34:02.962550,477,409,SingleStep+Ex,7.5,7.0,-0.5212,0.2000,,2113,4,2117,0.3948,0.00031935
2025-05-20T01:34:02.962707,451,468,SingleStep+Ex,7.0,6.5,-0.5199,0.2000,,1987,4,1991,0.6287,0.00030045
2025-05-20T01:34:03.059438,476,65,SingleStep+Ex,5.0,5.5,-0.5188,0.2000,,1880,4,1884,0.4920,0.00028440
2025-05-20T01:34:03.060315,452,257,SingleStep+Ex,9.0,6.5,-2.5202,0.2000,,2012,4,2016,0.7202,0.00030420
2025-05-20T01:34:03.070178,494,349,SingleStep+Ex,8.5,6.5,-2.0198,0.2000,,1973,4,1977,0.3846,0.00029835
2025-05-20T01:34:03.092966,496,599,SingleStep+Ex,6.5,6.5,-0.0212,0.2000,,2111,4,2115,0.3895,0.00031905
2025-05-20T01:34:03.093054,285,12,MultiStep+Ex,7.0,6.0,-1.0736,0.2000,,7342,16,7358,3.0403,0.00111090
2025-05-20T01:34:03.104892,500,35,SingleStep+Ex,5.5,6.0,-0.5191,0.2000,,1903,4,1907,0.3571,0.00028785
2025-05-20T01:34:03.133009,484,71,SingleStep-NoEx,6.0,5.5,-0.5052,0.2000,,516,4,520,0.5290,0.00007980
2025-05-20T01:34:03.166712,465,142,SingleStep+Ex,7.0,7.0,-0.0189,0.2000,,1889,4,1893,0.6253,0.00028575
2025-05-20T01:34:03.209303,482,386,SingleStep+Ex,6.0,6.5,-0.5195,0.2000,,1944,4,1948,0.6150,0.00029400
2025-05-20T01:34:03.237626,467,287,SingleStep+Ex,7.0,6.5,-0.5191,0.2000,,1906,4,1910,0.6953,0.00028830
2025-05-20T01:34:03.270937,439,434,SingleStep+Ex,6.5,6.0,-0.5187,0.2000,,1870,4,1874,1.1161,0.00028290
2025-05-20T01:34:03.284702,495,1,SingleStep+Ex,5.5,6.0,-0.5191,0.2000,,1906,4,1910,0.5977,0.00028830
2025-05-20T01:34:03.313139,492,224,SingleStep+Ex,7.0,6.0,-1.0186,0.2000,,1855,4,1859,0.6486,0.00028065
2025-05-20T01:34:03.317947,388,695,MultiStep+Ex,8.0,7.0,-1.0721,0.2000,,7198,15,7213,1.8017,0.00108870
2025-05-20T01:34:03.320191,490,593,SingleStep+Ex,6.5,6.0,-0.5188,0.2000,,1877,4,1881,0.6837,0.00028395
2025-05-20T01:34:03.328310,498,193,SingleStep+Ex,7.5,6.0,-1.5201,0.2000,,2009,4,2013,0.5907,0.00030375
2025-05-20T01:34:03.338137,493,494,SingleStep+Ex,7.0,6.0,-1.0190,0.2000,,1900,4,1904,0.6671,0.00028740
2025-05-20T01:34:03.455820,487,631,SingleStep+Ex,6.0,6.0,-0.0190,0.2000,,1895,4,1899,0.8310,0.00028665
2025-05-20T01:34:03.579851,486,12,SingleStep+Ex,7.0,6.5,-0.5193,0.2000,,1928,4,1932,0.9598,0.00029160
2025-05-20T01:34:03.581383,463,248,SingleStep+Ex,8.0,6.5,-1.5214,0.2000,,2136,4,2140,1.0405,0.00032280
2025-05-20T01:34:03.693448,429,675,SingleStep+Ex,8.0,7.0,-1.0188,0.2000,,1875,4,1879,1.6582,0.00028365
2025-05-20T01:34:03.694182,415,510,SingleStep+Ex,6.0,6.0,-0.0195,0.2000,,1946,4,1950,1.8889,0.00029430
2025-05-20T01:34:03.754923,455,132,SingleStep+Ex,5.5,5.5,-0.0191,0.2000,,1903,4,1907,1.3967,0.00028785
2025-05-20T01:34:03.823928,462,155,SingleStep+Ex,4.5,5.0,-0.5185,0.2000,,1851,4,1855,1.2831,0.00028005
2025-05-20T01:34:03.833891,408,370,MultiStep-NoEx,5.0,4.5,-0.5205,0.2000,,2032,16,2048,2.0436,0.00031440
2025-05-20T01:34:03.850001,488,167,SingleStep+Ex,5.0,5.5,-0.5183,0.2000,,1823,4,1827,1.2171,0.00027585
2025-05-20T01:34:03.856316,375,64,MultiStep+Ex,6.0,6.0,-0.0747,0.2000,,7452,16,7468,2.4951,0.00112740
2025-05-20T01:34:04.108604,344,647,MultiStep+Ex,9.0,7.0,-2.0742,0.2000,,7404,16,7420,3.1428,0.00112020
2025-05-20T01:34:04.171428,489,0,MultiStep-NoEx,6.5,6.0,-0.5194,0.2000,,1929,16,1945,1.5368,0.00029895
2025-05-20T01:34:04.271792,356,135,MultiStep+Ex,7.0,6.0,-1.0730,0.2000,,7288,16,7304,3.1964,0.00110280
2025-05-20T01:34:04.357209,450,563,MultiStep+Ex,7.5,5.5,-2.0749,0.2000,,7478,16,7494,2.0288,0.00113130
2025-05-20T01:34:04.382921,435,678,MultiStep-NoEx,8.0,6.5,-1.5246,0.2000,,2442,16,2458,2.2933,0.00037590
2025-05-20T01:34:04.676452,466,654,MultiStep+Ex,9.0,7.0,-2.0731,0.2000,,7290,16,7306,2.1329,0.00110310
2025-05-20T01:34:04.887379,485,170,MultiStep+Ex,6.5,6.0,-0.5774,0.2000,,7728,16,7744,2.2800,0.00116880
2025-05-20T01:34:05.049958,480,68,MultiStep-NoEx,7.0,6.0,-1.0227,0.2000,,2252,16,2268,2.4689,0.00034740
2025-05-20T01:34:05.152652,499,224,MultiStep-NoEx,7.0,6.0,-1.0194,0.2000,,1922,16,1938,2.4106,0.00029790
2025-05-20T01:34:16.721219,7,278,SingleStep-NoEx,7.0,6.0,-1.0064,0.2000,,637,4,641,21.3080,0.00009795
2025-05-20T01:34:17.577553,2,239,MultiStep-NoEx,8.0,7.0,-1.0274,0.2000,,2728,16,2744,22.1640,0.00041880
2025-05-20T01:34:17.592860,24,316,MultiStep-NoEx,4.0,4.0,-0.0210,0.2000,,2084,16,2100,22.1790,0.00032220
2025-05-20T01:34:18.089990,30,130,SingleStep+Ex,5.0,5.5,-0.5188,0.2000,,1873,4,1877,22.6765,0.00028335
2025-05-20T01:34:18.258622,139,145,MultiStep-NoEx,5.0,6.0,-1.0204,0.2000,,2024,16,2040,21.8743,0.00031320
2025-05-20T01:34:18.259261,9,190,SingleStep+Ex,7.0,6.0,-1.0186,0.2000,,1859,4,1863,22.8461,0.00028125
2025-05-20T01:34:18.300791,15,47,SingleStep+Ex,7.5,6.5,-1.0190,0.2000,,1894,4,1898,22.8875,0.00028650
2025-05-20T01:34:18.562338,44,63,SingleStep+Ex,6.5,6.5,-0.0194,0.2000,,1938,4,1942,23.1486,0.00029310
2025-05-20T01:34:18.783077,117,179,SingleStep+Ex,5.5,6.0,-0.5185,0.2000,,1842,4,1846,22.7263,0.00027870
2025-05-20T01:34:19.194497,160,48,MultiStep-NoEx,5.5,6.0,-0.5210,0.2000,,2088,16,2104,22.0479,0.00032280
2025-05-20T01:34:19.589333,61,176,MultiStep+Ex,6.0,5.5,-0.5714,0.2000,,7126,15,7141,24.1742,0.00107790
2025-05-20T01:34:20.235226,132,273,MultiStep+Ex,7.0,6.0,-1.0707,0.2000,,7058,15,7073,23.9887,0.00106770
2025-05-20T01:34:20.997664,165,420,MultiStep+Ex,7.0,6.0,-1.0715,0.2000,,7136,16,7152,23.6309,0.00108000
2025-05-20T01:34:21.167324,112,579,MultiStep+Ex,5.5,5.0,-0.5702,0.2000,,7000,16,7016,25.1251,0.00105960
2025-05-20T01:34:21.404414,173,63,MultiStep+Ex,6.5,6.5,-0.0741,0.2000,,7392,16,7408,23.7040,0.00111840
2025-05-20T01:34:21.404890,205,790,SingleStep+Ex,5.0,5.0,-0.0179,0.2000,,1781,4,1785,22.5410,0.00026955
2025-05-20T01:34:21.548867,179,232,MultiStep+Ex,6.5,6.0,-0.5709,0.2000,,7076,16,7092,23.6926,0.00107100
2025-05-20T01:34:21.930221,176,551,MultiStep+Ex,7.0,6.0,-1.0785,0.2000,,7832,16,7848,24.1110,0.00118440
2025-05-20T01:34:22.004068,233,598,SingleStep+Ex,6.5,6.0,-0.5186,0.2000,,1853,4,1857,22.5507,0.00028035
2025-05-20T01:34:22.029241,178,610,MultiStep+Ex,6.5,4.5,-2.0711,0.2000,,7092,16,7108,24.1926,0.00107340
2025-05-20T01:34:22.030280,227,517,SingleStep+Ex,5.0,5.5,-0.5187,0.2000,,1869,4,1873,22.6351,0.00028275
2025-05-20T01:34:22.058648,246,490,MultiStep-NoEx,6.5,5.0,-1.5200,0.2000,,1984,16,2000,22.5186,0.00030720
2025-05-20T01:34:22.070398,128,671,MultiStep+Ex,9.0,6.5,-2.5716,0.2000,,7146,16,7162,25.8266,0.00108150
2025-05-20T01:34:22.113044,234,622,SingleStep+Ex,5.0,5.0,-0.0186,0.2000,,1861,4,1865,22.6579,0.00028155
2025-05-20T01:34:22.160390,232,422,SingleStep+Ex,7.5,7.0,-0.5186,0.2000,,1860,4,1864,22.7107,0.00028140
2025-05-20T01:34:22.168366,221,545,SingleStep+Ex,7.0,6.5,-0.5191,0.2000,,1909,4,1913,22.7770,0.00028875
2025-05-20T01:34:22.237767,172,111,MultiStep+Ex,6.0,6.0,-0.0716,0.2000,,7140,16,7156,24.5379,0.00108060
2025-05-20T01:34:22.581761,171,288,MultiStep+Ex,7.5,6.5,-1.0718,0.2000,,7168,16,7184,24.8986,0.00108480
2025-05-20T01:34:22.697892,174,20,MultiStep+Ex,5.5,6.0,-0.5714,0.2000,,7124,16,7140,24.9958,0.00107820
2025-05-20T01:34:23.339049,325,48,SingleStep+Ex,5.5,6.0,-0.5190,0.2000,,1896,4,1900,22.6455,0.00028680
2025-05-20T01:34:23.504515,317,552,SingleStep+Ex,5.5,6.5,-1.0191,0.2000,,1908,4,1912,22.8495,0.00028860
2025-05-20T01:34:23.792806,367,768,SingleStep+Ex,6.0,6.0,-0.0182,0.2000,,1812,4,1816,22.5160,0.00027420
2025-05-20T01:34:23.851506,288,74,MultiStep+Ex,7.5,6.5,-1.0715,0.2000,,7134,16,7150,23.7026,0.00107970
2025-05-20T01:34:24.123561,387,504,SingleStep+Ex,6.0,5.5,-0.5184,0.2000,,1835,4,1839,22.6104,0.00027765
2025-05-20T01:34:24.865474,437,281,SingleStep+Ex,7.5,6.5,-1.0195,0.2000,,1949,4,1953,22.7291,0.00029475
2025-05-20T01:34:25.200801,473,98,SingleStep+Ex,7.0,6.5,-0.5186,0.2000,,1860,4,1864,22.6564,0.00028140
2025-05-20T01:34:25.296494,478,610,SingleStep+Ex,6.5,5.5,-1.0187,0.2000,,1866,4,1870,22.7262,0.00028230
2025-05-20T01:34:25.335307,469,185,SingleStep+Ex,5.5,6.5,-1.0196,0.2000,,1957,4,1961,22.7886,0.00029595
2025-05-20T01:34:25.347353,471,385,SingleStep+Ex,7.0,7.0,-0.0193,0.2000,,1928,4,1932,22.8033,0.00029160
2025-05-20T01:34:25.455871,303,710,MultiStep+Ex,8.0,7.5,-0.5814,0.2000,,8124,16,8140,25.0127,0.00122820
2025-05-20T01:34:26.124267,432,577,MultiStep+Ex,7.5,6.5,-1.0730,0.2000,,7282,16,7298,24.0872,0.00110190
2025-05-20T01:34:27.171149,475,195,MultiStep+Ex,6.0,6.5,-0.5757,0.2000,,7550,16,7566,24.6032,0.00114210
2025-05-20T01:34:39.246801,133,443,MultiStep-NoEx,6.5,5.0,-1.5250,0.2000,,2484,16,2500,42.9996,0.00038220
2025-05-20T01:34:40.120638,31,721,MultiStep-NoEx,8.0,7.5,-0.5250,0.2000,,2480,15,2495,44.7056,0.00038100
